RAY;Taylor Hackford;2004
Papillon;Franklin J. Schaffner;1973
Los padres de él;Jay Roach;2004
Hotel Rwanda;Terry George;2004
Entre copas (Sideways);Alexander Payne;2005
ATERRIZA COMO PUEDAS;Jim Abrahams;1980
EL ANALFABETO;Cantinflas;1960
EL BARRENDERO;Cantinflas;
EL BOMBERO ATOMICO;Cantinflas;1950
EL CENICIENTO;Cantinflas;
EL CONSERJE;Cantinflas;
EL PADRECITO;Cantinflas;
El hundimiento;Oliver Hirschbiegel;2004
Bajo el sol de la Toscana;Audrey Wells;2003
Los chicos del coro;Christophe Barratier;2004
El Profesor chiflado;Jerry Lewis;1963
EL AVIADOR;Martin Scorsese;2004
Collateral (2004) ;Michael Mann;2004
SAW;James Wan;2004
Senderos de gloria  [1957];Stanley Kubrick;1957
La naranja mecánica  [1971];Stanley Kubrick;1971
La chaqueta metálica  [1987];Stanley Kubrick;1987
Barry Lyndon  [1975];Stanley Kubrick;1975
TORRENTE 1 y 2;Santiago Segura;
ALEX DE LA IGLESIA;;
Cowboy de medianoche (1969);John Schlesinger;1969
Pulp Fiction;Quentin Tarantino;1994
La ley del silencio;Elia Kazan;1954
Reservoir Dogs;Quentin Tarantino;1992
La milla verde (The Green Mile);Frank Darabont;1999
Huracán Carter;Norman Jewison;1999
Asalto al distrito 13;Jean-François Richet;2005
El mensajero del miedo;Jonathan Demme;2004
Sospechosos habituales;Bryan Singer;1995
La noche del cazador;Charles Laughton;1955
La jungla de asfalto;John Huston;1950
Coffee and Cigarettes;Jim Jarmusch;2003
El crepúsculo de los dioses  [1950];Billy Wilder;1950
Perdición;Billy Wilder;1944
El gran Lebowski;Joel Coen;1998
Muerte entre las flores;Joel Coen;1990
El padrino III  [1990]  /NO APARECE);Francis Ford Coppola;1990
EL HIJO DE ROSTRO PALIDO;;1948
El maquinista (The Machinist);Brad Anderson;2003
Primera plana;Billy Wilder;1974
El cazador;Michael Cimino;1978
Los fantasmas atacan al jefe;Richard Donner;1988
Melinda y Melinda;Woody Allen;2004
Uno de los nuestros;Martin Scorsese;1990
Salvar al soldado Ryan;Steven Spielberg;1998
El juicio de Nuremberg (¿Vencedores o vencidos?);Stanley Kramer;1961
Ocean's Eleven (Hagan Juego);Steven Soderbergh;2001
La última primavera;Charles Dance;2004
El informe Pelicano;Alan J. Pakula;1993
J.F.K.: caso abierto (JFK: caso abierto);Oliver Stone;1991
Arsénico por compasión  [1944];Frank Capra;1944
La escopeta nacional  [1978];Luis García Berlanga;1978
Tiempos modernos  [1936];Charles Chaplin;1936
1984 - H. ORWELL;Michael Radford;1984
Todos los hombres del presidente;Alan J. Pakula;1976
Lost in Translation;Sofia Coppola;2003
El expreso de medianoche;Alan Parker;1978
TAPAS;José Corbacho, Juan Cruz;2005
Ejecutivo agresivo;Peter Segal;2003
El dormilón (1973);Woody Allen;1973
MADAGASCAR;Eric Darnell;2005
Lost in Translation;Sofia Coppola;2003
La pasión de Cristo;Mel Gibson;2004
El nombre de la rosa;Jean-Jacques Annaud;1986
Diario de un skin (TV);Jacobo Rispa;2005
Tiovivo C. 1950;José Luis Garci;2004
Cayo Largo;John Huston;1948
Apolo XIII;Ron Howard;1995
Padre Coraje (TV);Benito Zambrano;2002
AUSTIN POWERS LA ESPIA QUE ME ACHU;Jay Roach;1999
AUSTIN POWERS MISTERIOSO AGENTE INT;Jay Roach;1997
Sin City (Ciudad del pecado);Quentin Tarantino;2005
El loco del pelo rojo  [1956];Vincente Minnelli;1956
Brigada 21  [1951];William Wyler;1951
Cumbres borrascosas (1939)  ;William Wyler;1939
Código 46 (Code 46);Michael Winterbottom;2003
THE BLUES BROTHERS-GRANUJAS TODO R;John Landis;1980
LA ISLA;Michael Bay;2005
Charlie y la fábrica de chocolate;Tim Burton;2005
La vaquilla  [1985];Luis García Berlanga;1985
Perros de paja;Sam Peckinpah;1971
Moros y cristianos  [1987];Luis García Berlanga;1987
Chocolat;Lasse Hallström;2000
Rain Man;Barry Levinson;1988
Calabuch;Luis García Berlanga;1956
Trainspotting;Danny Boyle;1996
Taxi driver;Martin Scorsese;1976
Seven (Se7en);David Fincher;1995
Una historia del Bronx (A Bronx Tale);Robert De Niro;1993
La tierra de los muertos vivientes;George A. Romero;2005
HAROLD LLOID;;
Los fantasmas atacan al jefe;Richard Donner;1988
RAY;Taylor Hackford;2004
HABANA BLUES  ;Benito Zambrano;2005
EL MARIACHI;Robert Rodriguez;1992
Cinderella Man: El hombre que no se dejó tumbar;Ron Howard;2005
Asesinos natos  [1994];Oliver Stone;1994
RAY;Taylor Hackford;2004
SERPICO;Sidney Lumet;1973
SERPICO;Sidney Lumet;1973
THIRTEEN;Catherine Hardwicke;2003
Felices dieciséis (Sweet Sixteen);Ken Loach;2002
COSAS QUE HACEN QUE LA VIDA VALGA;Manuel Gómez Pereira;2004
21 gramos  [2003];Alejandro Gonzalez Inarritu;2003
Mystic River  [2003];Clint Eastwood;2003
Primer;Shane Carruth;2004
Bloody Sunday (Domingo sangriento);Paul Greengrass;2002
BLACK HAWK DERRIBADO;Ridley Scott;2001
El diario de Noa;Nick Cassavetes;2004
Ser o no ser;Ersnt Lubitsch;1942
Sed de mal  [1958];Orson Welles;1958
Las uvas-de-la-ira-(1940);John Ford;1940
El honrado gremio del robo;Cliff Owen;1963
Las aventuras de Jeremías Johnson;Sydney Pollack;1972
DAVID BLAINE - TRUCOS MAGO;;
EL PRECIO DEL PODER (Scarface);Brian de Palma;1983
Bajo sospecha;Sidney Lumet;2000
EL CABO DEL MIEDO;Martin Scorsese;1991
La Luz prodigiosa;Miguel Hermoso;2003
BATMAN BEGINS;Christopher Nolan;2005
Una mujer difícil (The Door in the Floor);Tod Williams;2004
ESPECIAL C.S.I.- TARANTINO;;2005
El diario de Ana Frank;George Stevens;1959
ESCALERA DE CARACOL (DUAL);Robert Siodmak;1945
Gritos y susurros;Ingmar Bergman;1972
Terciopelo azul;David Lynch;1986
2001: una odisea del espacio  [1968];Stanley Kubrick;1968
Memorias de África;Sydney Pollack;1985
TORRENTE 1, 2  Y  3;;
EL MERCADER DE VENECIA;Michael Radford;2004
La costilla de Adán  [1949];George Cukor;1949
La novia cadáver;Tim Burton;2005
Deuda de sangre  [2002];Clint Eastwood;2002
Ruta suicida  [1977]  (HARRY EL SUCIO);Clint Eastwood;1977
EL SENTIDO DE LA VIDA - MONTY PYTHON;Terry Gilliam;1983
REBELION EN LA GRANJA;Novela: George Orwell;2000
Poder absoluto  [1997];Clint Eastwood;1997
Septiembre (1987);Woody Allen;1987
Sueños de un seductor (1972);Herbert Ross;1972
Días de radio (1987);Woody Allen;1987
La lista de Schindler;Steven Spielberg;1993
EL GORDO Y EL FLACO-LEGIONARIOS DE ;;
JAMES BOND - CASINO ROYAL (P.SELLER);John Huston;1967
TORO SALVAJE;Martin Scorsese;1979
Zelig (1983);Woody Allen;1983
El principiante  [1990];Clint Eastwood;1990
EN LA LINEA DE FUEGO;Clint Eastwood;1993
La cena de los idiotas;Francis Veber;1998
La vaquilla  [1985];Luis García Berlanga;1985
EL HOMBRE MOSCA;Fred C. Newmeyer;1923
EL COCHECITO;Marco Ferreri;1960
Cautivos del mal  [1952];Vincente Minnelli;1952
Bienvenido Mister Marshall  [1953];Luis García Berlanga;1953
La Guerra de los Mundos (2005);Steven Spielberg;2005
Ejecución inminente  [1999];Clint Eastwood;1999
HARRY EL FUERTE;Ted Post;1973
CRIMEN FERPECTO;Álex de la Iglesia;2004
Impacto súbito  [1983];Clint Eastwood;1983
Escalofrío en la noche  [1971] EN MEXICANO;Clint Eastwood;1971
BIRD  (ingles);Clint Eastwood;1988
Otra mujer;Woody Allen;1988
Al Cruzar El Límite;Michael Apted;1996
NO HAY SALIDA;Roger Donaldson;1987
EL NUEVO CASO DEL INSPECTOR CLOSEAU;Blake Edwards;1964
King Kong;Peter Jackson;2005
LA LEYENDA DE NICHOLAS NICKLEBY;Douglas McGrath;2002
LA LISTA NEGRA ;Buddy Van Horn;1988
HARRY POTTER - EL CALIZ DE FUEGO;Mike Newell;2005
TIENDA DE LOCOS - HNOS MARX;;1941
LA CASA DE LOS ESPIRITUS;Bille August;1993
LOS CABALLEROS DE LA MESA CUADRAD;Terry Gilliam;1974
L.A. CONFIDENTIAL;Curtis Hanson;1997
LA HOGUERA DE LAS VANIDADES-T HANKS;Brian de Palma;1989
TESTIGO ACCIDENTAL;Peter Hyams;1990
LUTERO;Eric Till;2003
EL FUGITIVO;Andrew Davis;1993
SLEEPERS;Barry Levinson;1996
ENCRUCIJADA DE ODIOS;Edward Dmytryk;1947
El caso Almería;Pedro Costa;1983
EL CRIMEN DE CUENCA;Pilar Miró;1979
KRAMER CONTRA KRAMER;Robert Benton;1979
El halcón maltés ;John Huston;1941
EL JARDINERO FIEL;Fernando Meirelles;2005
F U R I A;Fritz Lang;1936
BRAVEHEART;Mel Gibson;1995
BROKEBACK MOUNTAIN;Ang Lee;2005
Casino (1995) ;Martin Scorsese;1995
THE JACKET;John Maybury;2005
El pianista  [2002];Roman Polanski;2002
EL REY PESCADOR;Terry Gilliam;1991
EN LEGITIMA DEFENSA;H.G. Clouzot (AKA Henri Georges Clouzot);1947
LLAMAME PETER;Stephen Hopkins;2004
El último golpe (Heist) (2001);David Mamet;2001
MEMORIAS DE UNA GEISHA;Rob Marshall;2005
SENTENCIA DE MUERTE;;
El último golpe (Heist) (2001);;2001
EL CASO WINSLOW;;
HARRY EL EJECUTOR;;
MUNICH;;
SENTENCIA DE MUERTE;;
Harry el sucio  [1971];Don Siegel;1971
French Connection II (1975);;1975
Platoon  [1986];Oliver Stone;1986
CRASH;;
Escalofrío en la noche  [1971] EN MEXICANO;Clint Eastwood;1971
OLVIDATE DE MI;;
POLTERGEIST;;
BUENAS NOCHES Y BUENA SUERTE;;
DICK Y JANE, LADRONES DE RISAS;;
LA VIDA SECRTA DE LAS PALABRAS;;
PANICO NUCLEAR;;
SECRETOS DE FAMILIA;;
UNDERWORLD EVOLUTION;;
Delitos y faltas (1989);Woody Allen;1989
BLOW UP (ENGLISH);;
EL METODO;;
EN LA CUERDA FLOJA;;
PLAN DE VUELO;;
Annie Hall (1977);Woody Allen;1977
EL INFORMAL;;
GERMINAL;;
MANHATTAN (ENGLISH);;
BLOW UP DESEO DE UNA MAÑANA DE VER;;
GOOD MORNING VIETNAM;;
TERRITORIO COMANCHE;;
CASANOVA;Federico Fellini;
FRAGILES;;
LA PANTERA ROSA;;
SECRETOS COMPARTIDOS;;
TRUMAN CAPOTE;;
ARMA LETAL   1-2-3;Richard Donner;1987
CASANOVA;Federico Fellini;
UN TOQUE DE CANELA;;
Balas sobre Broadway;Woody Allen;1994
Manhattan (1979) ;Woody Allen;1979
Drácula, de Bram Stoker  [1992];Francis Ford Coppola;1992
EL DRAGON ROJO;;
MOTIN A BORDO;;
PRINCESAS;;
Los intocables de Eliot Ness;Brian De Palma;1987
En busca del arca perdida (1981);Steven Spielberg;1981
LA ULTIMA CRUZADA;;
MI NOMBRE ES MODESTY;;
SPARTAN;;
CUBA - IMÁGENES DE UNA REVOLUCION;;
LA MARIHUANA;;
La maldición del escorpión de jade (2001);Woody Allen;2001
Misterioso asesinato en Manhattan (1993);Woody Allen;1993
FLORES ROTAS;;
ONG BAK;;
SYRIANA;;
Cazador blanco, corazón negro  [1990];Clint Eastwood;1990
El fuera de la ley  [1976];Clint Eastwood;1976
DESTINO FINAL 3;;
EL TERCER MILAGRO;;
DATE MOVIE                                         VER/C;;
HOSTEL                                                VER/C;;
PUBLICIDAD ;;
TSOTSI                                                 VER/C;;
El dilema (1999);Michael Mann;1999
La mujer del cuadro;Fritz Lang;1945
Extraños en un tren (1951) ;Alfred Hitchcock;1951
LA CASA RUSIA                                    VER/C;;
La ventana indiscreta (1954) ;Alfred Hitchcock;1954
LA IMPORTANCIA DE LLAMARSE ERNETO V/C;;
LA LEYENDA DEL ZORRO;;
LA MISION                                             VER/C;;
LOS SIMPSON CONTRA TODO EL MUNDO;;
HOUSE (Capitulos)   1 al 10             1ª  Temp.;;
HOUSE (Capitulos)   11 al 21           1ª  Temp;;
Todos dicen I Love You (1996);Woody Allen;1996
Encadenados (1946);Alfred Hitchcock;1946
SERENITY                                             VER/C;;
39 escalones (1935);Alfred Hitchcock;1935
LA ULTIMA TENTACIÓN DE CRISTO;Martin Scorsese;
Falso culpable (1957);Alfred Hitchcock;1957
DON QUIJOTE DE LA MANCHA;;
VIERGEN A LOS 40;;
ARMAS AL HOMBRO - 1918;Charles Chaplin;1918
CHARLOT BOXEADOR;Charles Chaplin;
El chico;Charles Chaplin;1921
El circo  [1928];Charles Chaplin;1928
El gran dictador  [1940];Charles Chaplin;1940
Luces de la ciudad  [1931];Charles Chaplin;1931
Tiempos modernos  [1936];Charles Chaplin;1936
ENCARTA 2006;;
El sueño eterno (1946);Howard Hawks;1946
Casablanca  [1942];Michael Curtiz;1942
Anatomía de un asesinato  [1959];Otto Preminger;1959
Frenesí (1972);Alfred Hitchcock;1972
DESDE EL INFIERNO;;
LA SENDA TENEBROSA;;
MAREA ROJA ;;1995
MAREA ROJA                                         VER/C;;1995
CONOCIENDO A JULIA                           VER/C;;
LA BRIGADA DEL DIABLO                      VER/C;;
NEW POLICE;;
LA DELGADA LINEA ROJA;;
OPERACIÓN EN EL GOLFO;;
PATTON;;
PIGMALION                                           VER/C;;
All That Jazz (Empieza el espectáculo);Bob Fosse;1979
GANGS OF NEW YORK;Martin Scorsese;
Match point (2005);Woody Allen;2005
DIAS DE VINO Y ROSAS;;
LA MANDOLINA DEL CAPITAN CORELLI;;
El jovencito Frankenstein (1974);Mel Brooks;1974
El síndrome de China (1979);;
Rebeca (1940) ;Alfred Hitchcock;1940
Recuerda (1945);Alfred Hitchcock;1945
Vestida para matar;Brian de Palma;
El baile de los vampiros  [1967];Roman Polanski;1967
¡Ay, Carmela!;Carlos Saura;1990
EL TERCER HOMBRE                            VER/C;;
GILDA                                                    VER/C;;
MARADONA, VIDA Y GOLES;;
Ali;Michael Mann;2002
CINDERELLE MAN                                   VER/C;;
TERROR EN AMITYVILLE                        VER/C;;
CODIGO DA VINCI;;
EL ACEITE DE LA VIDA                         VER/C;;
EL MENSAJERO DEL MIEDO                  VER/C;;
LA COPA DORADA                               VER/C;;
ROCKY  I - V;;
MUHANNAD ALI VS GEORGE FOREMAN;;
PERDIDOS 2ª TEMP. 1 AL 15.rar;;
C A R S;;
CIRCULO DE ENGAÑOS;;
EL FUEGO DE LA VENGANZA;;
EL SR. DE LA GUERRA;;
GOOL;;
MUDDY WATERS;;
SCARY MOVIE  4;;
SHUTTER;;
DRAGON RAPIDE;;
SUPERMAN RETURNS;;
UN LUGAR LLAMADO CHIAPAS;;
48 horas más;Walter Hill;1990
Poderosa Afrodita (1995);Woody Allen;1995
LIMITE 48 HORAS;;
THAI DRAGON;;
UNA CANCION DEL PASADO                nota;;
PERDIDOS 2ª TEMP. 11  al  20;;
PERDIDOS 2ª TEMP. 10 - 11 - 12;;
BS PLAYER:rar;;
EL REGRESO DE LA PANTERA ROSA;;
LA PANTERA ROSA - 1964;;
LA VENGANZA DE LA PANTERA ROSA;;
STIVIE MILLER BAND.rar;;
TRAS LA PISTA DE LA PANTERA ROSA;;
Un final made in Hollywood (2002);Woody Allen;2002
MAN ON THE MOON;Milos Forman;
DECLARADME CULPABLE;Sidney Lumet;
EL OTRO LADO DE LA VIDA-SLING BLADE;;
PERSIGUIENDO A BETTY;;
STALINGRADO;;1992
Amores perros  [2000];Alejandro Gonzalez Inarritu;2000
Blade Runner;;1982
EL EMPLEADO DEL MES;;
HAMLET - K. BRANAGH;;1996
Nacido el 4 de julio  [1989];Oliver Stone;1989
REQUIEM POR UN SUEÑO;;2000
SID Y NANCY;;1986
UN PEZ LLAMADO WANDA;;
Antes del atardecer;Richard Linklater;2004
Corazones de Hierro (1989);;1989
CARRETERA PERDIDA;David Lynch;
CELEBRACION  (FESTEN);;
LA CORTINA DE HUMO;;
La conversación  [1974];Francis Ford Coppola;1974
La conversación  [1974];Francis Ford Coppola;1974
EL SEPTIMO SELLO;Ingmar Bergman;
DOS HOMBRES Y UN DESTINO;;
EL AMERICANO IMPASIBLE;;
ENEMIGO A LAS PUERTAS;;
PERSONA;;
BAJO EL FUEGO;Roger Spottiswoode;1983
La huella;Joseph L Mankiewicz;1972
Aflicción  [1997];Paul Schrader;1997
BERLIN EXPRESS;Jacques Tourneur;1948
BROADWAY DANNY ROSE;;
Los Sueños de Akira Kurosawa  [1990];Akira Kurosawa;1990
MULHOLLAND DRIVE;David Lynch;
Nixon  [1995];Oliver Stone;1995
Posibilidad de escape  [1992];Paul Schrader;1992
LA SOMBRA DE LA SOSPECHA;;
MAGNOLIA;;
Perversidad;Fritz Lang;1945
Perdición;Billy Wilder;1944
La comedia sexual de una noche de verano (1982);Woody Allen;1982
Los sobornados  [1953];Fritz Lang;1953
Teléfono rojo volamos hacia Moscú  [1964];Stanley Kubrick;1964
WALT DISNEY - FANTASIA;;
De repente, el último verano  [1959];Joseph L Mankiewicz;1959
BIRD;Clint Eastwood;1988
EN EL NOMBRE DEL PADRE;;1993
El día de los tramposos  [1970];Joseph L Mankiewicz;1970
Julio César  [1953];Joseph L Mankiewicz;1953
Deseos humanos  [1954];Fritz Lang;1954
EL SOL DEL MEMBRILLO;;1992
SAM COOKE:rar;;
Odio entre hermanos  [1949];Joseph L Mankiewicz;1949
CALLEJON SIN SALIDA;John Cromwell;1947
LA  PARADA DE LOS MONSTRUOS Freaks;Tod Browning;1932
LAS AVENTURAS DE PRISCILLA;;1993
LOCK & STOCK;;1998
LOS SANTOS INOCENTES;;1984
EL GRADUADO;;1967
EL ASESINATO DE RICHARD NIXON;;2004
FARGO;;1995
SEMILLA DE MALDAD;;1955
SNATCH, CERDOS Y DIAMANTES;;2000
VOLVER A EMPEZAR;;1982
Perversidad;Fritz Lang;1945
Europa 1951  [1952];Roberto Rossellini;1952
DOGVILLE;;
MAGNOLIA;;
BAILAR EN LAS OSCURIDAD;Lars von Trier;2000
Días sin huella  [1945];Billy Wilder;1945
El crepúsculo de los dioses  [1950];Billy Wilder;1950
EL PRINCIPITO;;
SEMILLA DE MALDAD  (BIS);;
THE GAME;;
Centauros del desierto  (1956);John Ford;
EL ABRAZO DE LA MUERTE;Robert Siodmak;1948
SCOOP-SCREEN;;
Insomnio (2002);;2002
LA NOCHE SE MUEVE;;1975
LA NOCHE SE MUEVE;;1975
Irma la Dulce  [1963];Billy Wilder;1963
LA DALIA NEGRA  (SOLO CD1);Brian de Palma;
EL FUEGO EN EL CUERPO;;
LA TORMENTA DE HIELO;;
Testigo de cargo  [1957];Billy Wilder;1957
Que verde era mi valle (1941);John Ford;1941
REALITY BITES;;
ROMPIENDO LAS OLAS;;
TESIS;;
Alta fidelidad;Stephen Frears;2000
EL JUEGO DE HOLLYWOOD;Robert Altman;1991
FORAJIDOS;Robert Siodmak;
GOSFORD PARK;;
MANDERLAY;;
Atrapado por su pasado;Brian De Palma;1993
Atrapado en el tiempo;Harold Ramis;1993
EL JUEGO DE HOLLYWOOD;Robert Altman;1991
DIARIOS DE MOTOCICLETA;;
EL ESPIA QUE SURGIO DEL FRIO;;
MEMENTO;;
Yo confieso (1953);Alfred Hitchcock;1953
PEQUEÑA MISS SUNSHINE;;
TIERRA SIN PAN;;
Viento en las velas (1965) ;;
VOLVER;;
Agente 007 contra Dr. No (1962);Terence Young;1962
Con faldas y a lo loco  [1959];Billy Wilder;1959
EL SIGNO DEL ZORRO (1940);Richard Brooks;
DRACULA de Terence Fisher);;
LA ESTRADA;;
La vida es bella;Roberto Benigni;1997
LA DALIA NEGRA   ;Brian de Palma;
LA DOLCE VITA;Federico Fellini;
La verdadera historia de Jesse James (1957) ;Nicholas Ray;1957
PACTAR CON EL DIABLO;;1997
PACTAR CON EL DIABLO;;1997
M, el vampiro de Düsseldorf;Fritz Lang;1931
LAS AMISTADES PELIGROSAS;;
LAS NOCHES DE CABIRA;;
LOS TIMADORES;;
MI HERMOSA LAVANDERIA;;
Crimen perfecto (1954);Alfred Hitchcock;
Marnie, la ladrona (1964);Alfred Hitchcock;1964
Corrupción en Miami (2006);Michael Mann;
HISTORIAS EXTRAORDINARIAS;;
Primera plana  [1974];Billy Wilder;1974
Y LA NAVE VA;Federico Fellini;
CAFÉ IRLANDES - THE SNAPPER;;
VIDAS CRUZADAS;;
Amarcord (Mis Recuerdos);Federico Fellini;1974
James Bond contra Goldfinger;Guy Hamilton;1964
Primera plana  [1974];Billy Wilder;1974
Battle Royale;Kinji Fukasaku;2000
DOLLS;;
12 Monos (1995);Terry Gilliam;1995
El quinto elemento (1997);;1997
Dersu Uzala (El cazador)  [1975];Akira Kurosawa;1975
El perro rabioso  [1949];Akira Kurosawa;1949
Vivir  [1952];Akira Kurosawa;
La soga (1948);Alfred Hitchcock;1948
UN PUENTE LEJANO;;1977
BRUBEIKER;;
MONSTRUOS, S.A.;;
Guerra y paz (1956);King Vidor;1956
Casino Royale (1967) actor, Director;John Huston;1967
RETORNO AL PASADO;Jacques Tourneur;
La habitación del hijo  [2001];Nanni Moretti;2001
LAS VIRGENES SUICIDAS;;
Rashomon  [1950];Akira Kurosawa;1950
Qué bello es vivir!  [1946];Frank Capra;
UN PERRO ANDALUZ;Luis Buñuel;
Rebelde sin causa (1955);Nicholas Ray;1955
THE LAST NIGHT;;
Al rojo vivo (1949);Raoul Walsh;1949
¿Arde París?;René Clément;1966
Abril  [1998];Nanni Moretti;1998
Arizona Baby;Joel Coen;1987
CANTANDO BAJO LA LLUVIA;Stanley Donnen;1952
Los olvidados;Luis Buñuel;1950
Anatomía de un asesinato  [1959];Otto Preminger;1959
EL ILUSIONISTA;;
LA SANTA INQUISICION;;
LAS 7 MARAVILLAS DEL MUNDO;;
ALICIA EN LAS CIUDADES;Wim Wenders;1974
EL CAMINO DE LOS INGLESES;;
EL VIAJE DE CHIHIRO;;
Vértigo (De entre los muertos) (1958);Alfred Hitchcock;1958
SCARFACE - 1932;Howard Hawks;
Tempestad sobre Washington  [1962];Otto Preminger;1962
HITCHCOCK PRES, EL PACIENTE IMPACIENTE;;
TAXI DRIVER;;
Primera plana  [1974];Billy Wilder;1974
El último mohicano (1992) Director, Guionista;Michael Mann;1992
Laura  [1944];Otto Preminger;1944
LA VIDA DE DAVID GALE;;
LOCOS EN ALABAMA;;
DESNUDOS PINTURA (FRIKI);;
LENOX LEVIS vs TYSON;;
UNA HISTORIA VERDADERA;David Lynch;
KIDS  SPANISH (LARRY CLARK);;
NATION;;
ROCKY BALBOA (ROCKY VI);;
VERA CRUZ ;;
Banderas de nuestros padres  [2006];Clint Eastwood;2006
BORAT;;
BOXEO- MOHAMED ALI vs FOREMAN 1974;;
CANDIDA;;
ERAGON;;2006
ROCKY BALBOA (ROCKY VI);;2006
CIBERLYNK POWER;;
MANHATTAN TRANSFER;;
MAPLE 6,2;;
ROD STEWART;;
THE BESTO OF ROCK;;
THE LIONS;;
Los cuatrocientos golpes  [1959];François Truffaut;1959
LA JAURIA HUMANA;;1966
MAS DURA SERA LA CAIDA;;1956
STONED  (Los Stones);;2005
VIVA ZAPATA;;1952
La semilla del diablo  [1968];Roman Polanski;1968
BRASIL LO NUNCA VISTO;;
CONOCES A JOE BLACK?;;1998
HOLLYWOODLAND;;2006
LA CHICA DEL GANGSTER;;1993
THELMA & LOUISE;;1991
Babel  [2006];Alejandro Gonzalez Inarritu;2006
El cardenal  [1963];Otto Preminger;1963
CHASIG GHOSTS (LA CAZA);;
EL AURA;;
FELLINI, OCHO Y MEDIO;Federico Fellini;1963
Me siento rejuvenecer (1952);Howard Hawks;1952
El gran combate (Cheyenne Autumn) (1964);John Ford;1964
NARCISO NEGRO;Michael Powell, Emeric Pressburger;1947
Perdición;Billy Wilder;1944
BOOGIE NIGHTS;;
CORAZON SALVAJE;;
ROMPER-STOMPER;;
SMOKE;;1995
Perdición;Billy Wilder;1944
La vida privada de Sherlock Holmes  [1970];Billy Wilder;1970
FORAJIDOS;Robert Siodmak;
EL TRUCO FINAL.EL PRESTIGIO;;
FULL MONTY;;
LOS GRITOS DEL SILENCIO;;
TWIN PEAKS - EPISODIO PÌLOTO;David Lynch;
Los sobornados  [1953];Fritz Lang;1953
MARIA ANTONIETA;;
OLVIDATE DE MI;;
QUADROFENIA;;
THE QUEEN;;
EL ULTIMO SHOW;;
EN EL CURSO DEL TIEMPO;;
PRIMAVER, VERANO, OTOÑO, INVIERNO;;
SALVADOR PUIGANTICH;;
SEDUCIENDO A UN EXTRAÑO;;
AMIGO AMADO-AMIC AMAT;Ventura Pons;1999
Cadena perpetua;Frank Darabont;1994
EL JEFE DE TODO ESTO;;
MENTES EN BLANCO;;
V DE VENDETTA;;
LO QUE QUEDA DE DIA;;
THE MESSENGERS;;
TRANSTORNO;;
UNA HISTORIA CHINA DE FANTASMAS. 2y3;;
EL BUEN PASTOR;;2006
DIAMANTES DE SANGRE;;
DIAS DE GLORIA;;
EL CIELO SOBRE BERLIN;;
FRESAS SALVAJES;Ingmar Bergman;
DAME 10 RAZONES  V.O.S.;;
"EL HOMBRE MOSCA  ""HAROLD LLOYD""";;
PARIS TEXAS;;
SPIDERMAN 3;;
EL BUEN ALEMAN;Steven Soderbergh;2006
DIAMANTE DE SANGRE;;
EL TIGRE Y LA NIEVE;;
GET RICH OR DIE TRYIN;;
V DE VENDETA  (LA BUENA);;
VETE DE MI;Víctor García León;2006
Alice (1990) ;Woody Allen;1990
AzulOscuroCasiNegro;Daniel Sánchez Arévalo;2006
EL BOSQUE;;
HAPPINESS;;
LOS ABANDONADOS;;
CARRIE;Brian de Palma;
NOVECENTO;;
NUMERO 23;;
SHOOTER - EL TIRADOR;;
TU LA LETRA, YO LA MUSICA;;
Maridos y mujeres (1992);Woody Allen;1992
BOBBY;;
RECUERDOS (formato VLC);;
SANTIAGO SEGURA JISTORY;;
THE HOST (JAPAN);;
Cartas desde Iwo Jima  [2006];Clint Eastwood;2006
CYRANO DE BERGERAC;;
IRREVERSIBLE;;
LA HORA 25;;
LA VIDA DE LOS OTROS;;
El silencio de los corderos;Jonathan Demme;1991
EL BUEN PASTOR;;2006
El resplandor  [1980];Stanley Kubrick;1980
LA TUMBA PERDIDA DE JESUS;;
MEMORIAS DE QUEENS;;
El último refugio (1941) ;Raoul Walsh;1941
La noche americana  [1973];François Truffaut;1973
LA ESCALERA DE CARACOL;Robert Siodmak;
La loba  [1941];William Wyler;1941
UNDERGROUND;;
UN PUENTE LEJANO;;1977
UN PUENTE LEJANO;;1977
El resplandor  [1980];Stanley Kubrick;1980
EL BUENO, EL FEO Y EL MALO;;
EL DETECTIVE Y LA MUERTE;;
EL ODIO;;
EN ESTE MUNDO (IN THIS WORLD) DUAL;;
EL SHOW PANTERA ROSA. TEMP 1 1 al 18;;
PARIS, JE T'AIME;;
Érase una vez en América;Sergio Leone;1984
El golpe;George Roy Hill;1973
EL ULTIMO REY DE ESCOCIA;;
LA FAMILIA;;
LAS VACACIONES DE MR BEAN;;
SHREK 3;;
THE RIVER KING;;
EL GRITO 2;;
EL LABERINTO DEL FAUNO;;
NOCHE EN EL MUSEO;;
NORBIT;;
PEQUEÑA MISS SUNSHINE;;
TERESA. EL CUERPO DE CRISTO;;
La novia vestida de negro  [1967];François Truffaut;1967
E.T. El Extraterrestre (1982);Steven Spielberg;1982
LOS FANTASMAS DE GOYA;;
PIRATAS DEL CARIBE-EN EL FIN DEL MUNDO;;
El infierno del odio  [1963];Akira Kurosawa;1963
El proceso de Billy Mitchell  [1955];Otto Preminger;1955
DANZAD, DANZAD MALDITOS;;
EPIC MOVIE;;
LA JOVEN DE LA PERLA;;
SECRETOS, MENTIRAS Y ESPIAS ATOMICOS;;
Psicosis (1960);Alfred Hitchcock;1960
La piel suave  [1964];François Truffaut;1964
EL ABUELO;;1998
EL AURA;;
LA COLINA;;
LA VIDA DE LOS OTROS;;
El chico;Charles Chaplin;1921
El circo  [1928];Charles Chaplin;1928
Ace Ventura: Detective de mascotas  [1994];Tom Shadyac;1994
Alicia En El País De Las Maravillas (2010) ;Tim Burton;2010
Teléfono rojo volamos hacia Moscú  [1964];Stanley Kubrick;1964
2001. DESPEGA COMO PUEDAS;;
APOCALYPTO;Mel Gibson;2006
Doctor Zhivago  [1965];David-Lean;1965
DAME 10 RAZONES;;
La dama de Shanghai  [1947];Orson Welles;1947
EL CAMINO DE LOS INGLESES;;
EL DESAFIO DE LAS AGUILAS;;
LA AMERICANIZACION DE EMILY;;
Zodiac (2007) de David Fincher;;
El hombre que sabía demasiado (1934) ;Alfred Hitchcock;1934
Los pájaros (1963);Alfred Hitchcock;1963
La dama de Shanghai  [1947];Orson Welles;1947
Otelo  [1952];Orson Welles;1952
EL PROCESO;Orson Wells;
El caso Bourne (2002) ;Doug Liman;2002
EL MITO DE BOURNE   7.2;Paul Greengrass;2004
BRADFORD RIOTS;;
EL CAMINO DE LOS INGLESES;;
El circo  [1928];Charles Chaplin;1928
EL CABO DEL TERROR - 1962;;1962
FALLEN    (En Inglés);;
El idiota  [1951] (Sub);Akira Kurosawa;1951
DELICATESSEN;;
EL CONFORMISTA;;
EL CUERVO              (Dual);;
HANNIBAL EL ORIGEN DEL MAL;;
XAVIER GARCIA PARIS;;
Sin perdón  [1992];Clint Eastwood;1992
Repulsión  [1965];Roman Polanski;1965
Un americano en París  [1951];Vincente Minnelli;1951
Zodiac (2007) de David Fincher;;
Infiltrados;Martin Scorsese;2006
La calumnia  [1961];William Wyler;1961
DEATH PROOF;;
HIERRO 3;;
HERMANOS MARX - EL HOTEL DE LOS LIOS;;
HERMANOS MARX - EN LE OESTE;;
HERMANOS MARX - PLUMAS DE CABALLO;;
HERMANOS MARX - UN DIA EN LAS CARRERAS;;
HERMANOS MARX - UNA NOCHE EN CASABLANCA;;
HERMANOS MARX - UNA TARDE EN EL CIRCO;;
Ben-Hur (1959) ;William Wyler;1959
El coleccionista  [1965];William Wyler;1965
Horizontes de grandeza  [1958];William Wyler;1958
En bandeja de plata  [1966];Billy Wilder;1966
El hombre elefante           (ver ficha);David Lynch;
La hija de Ryan  [1970];David-Lean;1970
El piano                            (ver ficha);;
En un lugar solitario;Nicholas Ray;1950
PERSONA;Ingmar Bergman;
Vacaciones en Roma  [1953];William Wyler;1953
Buenos días  [1959];Yasujiro Ozu;1959
EL ACORAZADO POTENKIN;;1925
"OPEN DANGEROUS ""LA CASA EN LA SOMBRA""";;
La pasión de Juana de Arco  [1928];Carl Theodor Dreyer;1928
Ordet (La palabra);Carl Theodor Dreyer;1955
Llamad a cualquier puerta (1949);Nicholas Ray;1949
Posibilidad de escape  [1992];Paul Schrader;1992
LOS MEJORES AÑOS DE NUESTRA VIDA;;
Scoop (2006);Woody Allen;2006
Tierras lejanas  [1954];Anthony Mann;1954
Fausto  [1926];F.W. Murnau;1926
Cuentos de Tokio  [1953];Yasujiro Ozu;1953
He nacido, pero...  [1932];Yasujiro Ozu;1932
ON DANGEROUS GROUND;;
Carta a tres esposas  [1949];Joseph L Mankiewicz;1949
INTOLERANCIA;D.W. Griffith;
Primera victoria  [1965];Otto Preminger;1965
PICKPOCKET;Robert Bresson;
EL NACIMIENTO DE UNA NACION;D.W. Griffith;
BLOW-UP;;
SIETE DIAS DE MAYO;;
El hombre del Oeste  [1958];Anthony Mann;1958
Gertrud  [1964];Carl Theodor Dreyer;1964
Sin conciencia (1951);Raoul Walsh;1951
El forastero  [1940];William Wyler;1940
EL GATOPARDO;;
Nosferatu  [1922];F.W. Murnau;1922
IVAN EL TERRIBLE (MUDA);;
PLANET TERROR;;
PROZAC NATION;;
SUNRISE;;
Promesas del Este (AKA Promesas Peligrosas);David Cronenberg;2007
Vivir su vida  [1962];Jean-Luc Godard;1962
Los amantes de la noche (1949);Nicholas Ray;
Brigada 21  [1951];William Wyler;1951
DUELO DE TITANES;;1957
PASION CIEGA;;
RETORNO AL PASADO;Jacques Tourneur;
LA PASION DE LOS FUERTES;John Ford;
El acorazado Potemkin  [1925];Sergei M Eisenstein;1925
El sabor del sake  [1962];Yasujiro Ozu;1952
BLADE RUNNER;;
EL VIENTO;;
La huelga  [1925];Sergei M Eisenstein;1925
JUNGLA 4,0;;
LA PARADA DE LOS MONSTRUOS;;
El gran carnaval  [1951];Billy Wilder;1951
Uno, dos, tres  [1961];Billy Wilder;1961
SCARFACES - 1932;Howard Hawks;
Hombres errantes (1952) ;Nicholas Ray;
FALLEN (COMPLETA.ESPAÑOL);;
PERSEPOLIS;;
La colina de los diablos de acero  [1957];Anthony Mann;1957
Vacaciones en Roma  [1953];William Wyler;1953
VIAS CRUZADAS;;
Rio Grande (1950);John Ford;1950
Roma, ciudad abierta  [1945];Roberto Rossellini;
EL LADRON DE BAGDAD;;
GHOST WORLD;;
ONCE UPON A TIME IN THE WEST;;
Adiós a las armas (1932);Frank Borzage;1932
El rey de la comedia (1982) ;Martin Scorsese;1982
El gran desfile;King Vidor;1925
Bola de fuego (1941);Howard Hawks;1941
FELLINI, OCHO Y MEDIO;Federico Fellini;
Sólo se vive una vez  [1937];Fritz Lang;1937
JUNO;;
LA JUNGLA 4.0;;
BAJO LAS ESTRELLAS;Félix Viscarret;2007
Ahora o nunca (The Bucket List);Rob Reiner;2007
BOYS DON'T CRY;;
EL FANTASMA DEL PARAISO;;
American Gangster;Ridley Scott;2007
Ladrón de bicicletas;Vittorio de Sica;1948
EXPIACIÓN;;
El Padrino;Francis Ford Coppola;1972
El Padrino II;Francis Ford Coppola;1974
El Padrino II (1974) [Estados Unidos];Francis Ford Coppola;1974
INDIANA JOHNES  (TRILOGÍA) en DVD;Steven Spielberg;
ALICIA YA NO VIVE AQUÍ;Martin Scorsese;1974
Patrimonio nacional  [1981];Luis García Berlanga;1981
EN LA CIUDAD DE SYLVIA;;
JO, QUE NOCHE (AFTER HOUERS);;
ALGO PASA CON MARY;Bobby Farrelly;1998
Desmontando a Harry (1997);Woody Allen;1997
EL GUATEQUE;;
PUNCH-DRUNK.LOVE;;
UNA NOCHE EN LA OPERA - HNOS MARX;;
YO, YO MISMO E IRENE;;
EL PATO LUCAS;;
EL UTIMO TREN A AUSWICH;;
MIKEY MOUSE;;
AMERICAN BEAUTY;Sam Mendes;1999
Esplendor en la hierba (1961) ;Elia Kazan;1961
LOS HERMANOS KARAMAZOV;Richard Brooks;
Los cuatro jinetes del Apocalipsis  [1961];Vincente Minnelli;1961
MUERTE DE UN CICLISTA;;
Corazonada  [1982];Francis Ford Coppola;1982
Oliver Twist (2005);Roman Polanski;2005
EN TIERRA DE NADIE;;
KANDAHAR;;
PARADISE NOW;;
AMELIE;Jean-Pierre Jeunet;2001
DOS TONTOS MUY TONTOS;;
OLDBOY;;
UNA MENTE MARAVILLOSA;;
Más allá de la duda (1956);Fritz Lang;1956
El hombre tranquilo (The Quiet Man) (1952) ;John Ford;1952
EL TREN DE LAS 3.10;;
NO ES PAIS PARA VIEJOS;;
CUENTOS DE LA LUNA PALIDA DE AGOSTO;Kenji Mizoguchi;1953
Metrópolis  [1927];Fritz Lang;1927
RIFF-RAFF;Ken Loach;
CALLE MAYOR;;
LA ULTIMA PELICULA;;
Alemania, año cero  [1948];Roberto Rossellini;1948
DONDE ESTA LA CASA DE MI AMIGO;;
EN UN LUGAR DEL CORAZON;;
LA ULTIMA PELICULA. Peter Bogdanovich;;
LA VIDA DE BRIAN;;
Chinatown  [1974];Roman Polanski;1974
Un tranvía llamado deseo (1951) ;Elia Kazan;1951
EL BUSCAVIDAS;;
PHILADELPHIA;;
TOMATES VERDES FRITOS;;
Banda aparte  [1964];Jean-Luc Godard;1964
Topaz (1969) ;Alfred Hitchcock;1969
HANNIBAL;;
IN THE MOOD FOR LOVE;;
LOS MUNDOS DE CORALINE;;
La regla del juego  [1939] V.O.S.;Jean Renoir;1939
Fort Apache (Fort Apache) (1948);John Ford;1948
La legión invencible  (1949);John Ford;1949
ELOGIO DEL AMOR   V.O.S.;;
FURY;;
LA PERRA   V.O.S.;;
EL LECTOR - THE READER;Stephen Daldry;2008
El intercambio  [2008];Clint Eastwood;2008
EL LADRON DE ORQUIDEAS;;
EL NIÑO CON EL PIJAMA DE RAYAS;;
UNA JAULA DE GRILLOS;;1996
UNA JAULA DE GRILLOS;;1996
La diligencia (Stagecoach) (1939) ;John Ford;1939
INDIANA JONES Y EL REINO DE LA CALABERA;Steven Spielberg;2008
MI NOMBRE ES MILK;;
ABAJO EL PERISCOPIO;David S. Ward;1995
AGARRALO COMO PUEDAS;;
DURO DE MATAR   (j. Chan);;
IMPACTO INMINENTE    (j. Chan);;
LA EXTRAÑA PAREJA;;
SE ACABO EL PASTEL;;
ACORRALADO /RAMBO 1;Ted Kotcheff;1982
SALUDOS AMIGOS - SUD AMERICA ANIMAC DINESNEY;;
SONRISAS Y LAGRIMAS;;
THE VISITOR;;
EL MANANTIAL;King Vidor;1949
SECRETO TRAS LA PUERTA;Fritz Lang;
EL HOMBRE QUE MATÓ A LIBERTY VALANCE;John Ford;
La legión invencible  (1949);John Ford;1949
EL ARBOL DEL AHORCADO;;
EL EJERCITO DE LAS TINIEBLAS (EVIL DEAD - 3);;
Atraco perfecto  [1956];Stanley Kubrick;1956
El hombre de Laramie  [1955];Anthony Mann;1955
Cuento de primavera  [1990];Eric Rohmer;1990
El tigre de Esnapur  [1959];Fritz Lang;1959
KING LEAR;;
UN LADRON EN LA ALCOBA;;
La fiera de mi niña (1938) ;Howard Hawks;1938
EL INCREIBLE HOMBRE MENGUANTE;;
EL OCASO DEL SAMURAI;;
HAMLET, EL HONOR DE LA VENGANZA (GIBSON);;
LA MATANZA DE TEXAS 1;;
Y EL MUNDO MARCHA (The Crowd);King Vidor;1928
La bestia humana  [1938];Jean Renoir;1938
Pasión bajo la niebla (1952) ;King Vidor;1952
SECRETOS DE UN MATRIMONIO;Ingmar Bergman;
Stromboli  [1950];Roberto Rossellini;1950
Dublineses (1987) ;John Huston;1987
El juez de la horca (1972);John Huston;1972
DULCE PAJARA DE JUVENTUD;;
EL ULTIMO DE LA LISTA;;
Reflejos en un ojo dorado (1967) Director;John Huston;1967
El honor de los Prizzi (1985);John Huston;1985
La noche de la iguana (1964) Director, Guionista;John Huston;1964
LA GATA SOBRE EL TEJADO DE ZINC;Richard Brooks;
FREUD, PASION SECRETA;;
PASEO POR EL AMOR Y LA MUERTE;;
Sólo Dios lo sabe (1957) Director, Guionista;John Huston;1957
LA GRAN ILUSION;Jean Renoir;1937
La mujer crucificada  [1954];Kenji Mizoguchi;1954
Cuento de invierno  [1992];Eric Rohmer;1992
Había un padre  [1942];Yasujiro Ozu;1942
La hierba errante  [1959];Yasujiro Ozu;1959
Alias Jesse James;Norman Z. McLeod;1959
LA PRINCESA Y EL PIRATA (BOB HOPE);;
CAMINO A BALI (BOB HOPE);;
FALDAS DE ACERO (BOB HOPE);;
DOS FRESCOS EN ORBITA (BOB HOPE,BIN CROSBY);;
EL CASTILLO MALDITO (BOB HOPE);;
MORENA Y PELIGROSA (BOB HOPE);;
WHAT'S UP TIGER LILY (SUB) WOODY ALLEN;;
Almas desnudas  [1949];Max Ophüls;1949
Una mujer en la playa  [1947];Jean Renoir;1947
La tumba india  [1959];Fritz Lang;1959
LA MUJER PANTERA;Jacques Tourneur;
EUROPA 51;;
El sueño eterno (1946);Howard Hawks;1946
Tener y no tener;Howard Hawks;1944
Sólo los ángeles tienen alas (1939) ;Howard Hawks;1939
El mundo en sus manos (1952) !Faltan los 5 min. Finales!;Raoul Walsh;1952
DRÁCULA;;
El sargento York (1941);Howard Hawks;
El fugitivo (The Fugitive) (1947);John Ford;1947
EL JUEZ PRIEST;John Ford;1934
Escala en Hawai (Mister Roberts) (1955) ;John Ford;1955
La patrulla perdida (The Lost Patrol) (1934);John Ford;1934
Dos cabalgan juntos (Two Rode Together) (1961);John Ford;1961
El caballo de hierro (The Iron Horse) (1924);John Ford;1924
El precio de la gloria (1926) ;John Ford;1926
El último hurra (The Last Hurrah) (1958);John Ford;1958
Escrito bajo el sol (The wings of eagles) (1957);John Ford;1957
Hombres intrépidos (1940);John Ford;1940
La conquista del Oeste  (1962) ;John Ford;1962
La salida de la Luna (The Rising of the Moon) (1957);John Ford;1957
La taberna del irlandés (Donovan's Reef) (1963);John Ford;1963
TRES PADRINOS;John Ford;1948
Camino de la horca (1951);Raoul Walsh;1951
Los implacables (1955);Raoul Walsh;1955
Mando siniestro (1940);Raoul Walsh;1940
Rebelión en el fuerte (1954);Raoul Walsh;1954
El hidalgo de los mares (1951) ;Raoul Walsh;1951
El ladrón de Bagdad (1924) ;Raoul Walsh;1924
El pirata Barbanegra (1952);Raoul Walsh;1952
Fiebre de venganza (1953);Raoul Walsh;1953
Historia de un condenado (1953) ;Raoul Walsh;1953
Los violentos años veinte;Raoul Walsh;1939
La esclava libre (1957) ;Raoul Walsh;1957
La gran jornada (1930) Director, Guionista;Raoul Walsh;1930
Los gavilanes del estrecho (1953);Raoul Walsh;1953
Sospecha (1941);Alfred Hitchcock;1941
Pasaje a la India  [1984];David-Lean;1984
REMORDIMIENTO;Ernst Lubitsch;
La condesa descalza  [1954];Joseph L Mankiewicz;1954
MALA SANGRE;;
Atrapa a un ladrón (1955);Alfred Hitchcock;1955
Una mujer de París  [1923];Charles Chaplin;1923
VIDA DE PERRO;Charles Chaplin;1918
Sabrina  [1954];Billy Wilder;1954
Una hora contigo  [1932];Ernst Lubitsch;1932
El verdugo  [1963];Luis García Berlanga;1963
Plácido  [1961];Luis García Berlanga;1961
Cuento de otoño  [1998];Eric Rohmer;1998
El sueño de Arizona;Emir Kusturica;1992
Al final de la escapada  [1960];Jean-Luc Godard;1960
NINOTCHKA;Ernst Lubitsch;
EL DIABLO DIJO NO;Ersnt Lubitsch;
UNA MUJER PARA DOS;Ersnt Lubitsch;
La pícara puritana  [1937];Leo McCarey;1937
Carta de una desconocida  [1948];Max Ophüls;1948
Eva al desnudo  [1950];Joseph L Mankiewicz;1950
La gran ilusión;Jean Renoir;1937
Hiroshima, mon amour  [1959];Alain Resnais;1959
El hombre tranquilo (The Quiet Man) (1952) ;John Ford;1952
Los viajes de Sullivan;;
La condesa descalza  [1954];Joseph L Mankiewicz;1954
Balas sobre Broadway (1994);Woody Allen;1994
Acordes y desacuerdos (1999);Woody Allen;1999
Sombras y niebla (1992);Woody Allen;1992
La loba  [1941];William Wyler;1941
LA MUJER MARCADA;;
¿Qué fue de Baby Jane?;Robert Aldrich;1962
Fat City, ciudad dorada (1972) ;John Huston;1972
El año pasado en Marienbad  [1961];Alain Resnais;1961
La sombra de una duda (1942);Alfred Hitchcock;1942
LOS INÚTILES;Federico Fellini;
CANCION DE CUNA PARA UN CADAVER;;
¡Jo, qué noche! (After Hours);Martin Scorsese;1985
Duelo al sol (1946);King Vidor;1946
Ladrón de bicicletas;Vittorio de Sica;1948
Metrópolis  [1927];Fritz Lang;1927
RIFF-RAFF;Ken Loach;
Johnny Guitar (1954) ;Nicholas Ray;1954
HISTOIRE(S) DU CINÉMA 1988-1998;;
Capricho imperial  [1934];Josef von Sternberg;1934
El expreso de Shanghai  [1932];Josef von Sternberg;1932
LA LEY DEL HAMPA (UNDERWORLD) ;Josef von Sternberg;1927
Los muelles de Nueva York  [1928];Josef von Sternberg;1928
Marruecos  [1930];Josef von Sternberg;1930
Bajos fondos  [1957];Akira Kurosawa;1957
EL ESTRANGULADOR DE BOSTON;Richard Fleischer;
MANOS PELIGROSAS;Samuel Fuller;
Octubre  [1927];Sergei M Eisenstein;1927
El enemigo público  [1931];William A. Wellman;1931
El talento de Mr. Ripley  [1999];Anthony Minghella;1999
EL HOMBRE DE ALCATRAZ (High Quality);;
EL REY PESCADOR (High Quality);Terry Gilliam;1991
EL BUEN PASTOR (High Quality);;2006
Heat (1995);Michael Mann;1995
ACCIÓN CIVIL;Steven Zaillian;1998
Bananas (1971);Woody Allen;1971
ÉL de Luis Buñuel;Luis Buñuel;
DETECTIVE PRIVADO;;
FROM HELL;;
Hannah y sus hermanas (1986);Woody Allen;1986
Almas desnudas  [1949];Max Ophüls;1949
EL DEMONIO DE LAS ARMAS;Joseph H. Lewis;
EL PLACER;Max Ophüls;
La Ronda  [1950];Max Ophüls;1950
Madame de...  [1953];Max Ophüls;1953
Bajos fondos  [1957];Akira Kurosawa;1957
Lola Montes  [1955];Max Ophüls;1955
MANOS PELIGROSAS;Samuel Fuller;
El enemigo público  [1931];William A. Wellman;1931
DRÁCULA, PRÍNCIPE DE LAS TINIEBLAS;;
Vidas rebeldes (the misfits);John Huston;1961
Winchester 73  [1950];Anthony Mann;1950
CUANDO UNA MUJER SUBE LA ESCALERA;Mikio Naruse;
Cielo amarillo  [1948];William A. Wellman;1948
YO TE SALUDO MARÍA;;
TODOS NOS LLAMAMOS ALÍ;;
Tabú  [1931];F.W. Murnau;1931
FACES;John Cassavetes;1968
SUSPENSE (THE INNOCENTS);;
UN EXTRAÑO EN MI VIDA;;
VAMPYR;;
El déspota  [1954];David-Lean;1954
El delator (The Informer) (1935) ;John Ford;1935
UN CONDENADO A MUERTE SE HA ESCAPADO;Robert Bresson;
DRÁCULA 1958 de Terence Fisher;;
DUELO EN LA ALTA SIERRA;;
MUERTE EN VENECIA;;
LANCELOT DU LAC;Robert Bresson;
VEREDICTO FINAL;Sidney Lumet;
JENNIE;William Dieterle;
INDIA SONG;;
LAS MARGARITAS;;
Alphaville (Lemmy contra Alphaville);Jean-Luc Godard;1965
Pierrot, el loco  [1965];Jean-Luc Godard;1965
AGUIRRE, LA COLERA DE DIOS;Werner Herzog;1972
Muriel  [1963];Alain Resnais;1963
PRENOM CARMEN;Jean-Luc Godard;
¿ALGUIEN HA VISTO A MI CHICA?;Douglas Sirk;1952
EXTRAÑA CONFESIÓN;;
MÁS FUERTE QUE LA LEY;;
TEMPESTAD EN LA CUMBRE;;
ÁNGELES SIN BRILLO;Douglas Sirk;1957
ESCRITO SOBRE EL VIENTO;Douglas Sirk;
SIEMPRE HAY UN MAÑANA;Douglas Sirk;
SÓLO EL CIELO LO SABE;Douglas Sirk;
SU GRAN DESEO;Douglas Sirk;
Tres colores Blanco (1994);Krzysztof Kieslowski;1994
Increible, pero falso;Ricky Gervais;2009
Prisionero del Odio (The prisoner of Shark Island);John Ford;1936
El puente de Waterloo;Mervyn LeRoy;1940
El evangelio segun San Mateo;Pier Paolo Pasolini;1964
El carnaval de las almas;Herk Harvey;1962
Bajos fondos (Underworld U.S.A.);Samuel Fuller;1961
Campanadas a medianoche;Orson Welles;1965
CARRETERA ASFALTADA EN DOBLE SENTIDO;;1963
El Romance de Charlot;Charles Chaplin;1930
El malvado Zaroff;Irving Pichel;1932
El talento de Mr. Ripley;Anthony Minghella;1999
La noche de los girasoles;J. Sánchez-Cabezudo;2006
Rojos (REDS);Warren Beatty;1981
Fausto;F.W. Murnau;1926
Tres colores Rojo;Krzysztof Kieslowski;1994
Elling;Petter Naess;2001
Tiempo de amar, tiempo de morir (Obra maestra) ;Douglas Sirk;1958
Himno de batalla;Douglas Sirk;1957
Abbott y Costello: Conocen a Frankestein;Kelsey Grammer;1940
Abbott y Costello: En Hoollywod;;1940
El último ;F.W. Murnau;1924
Tartufo o el hipócrita;F.W. Murnau;1926
Tres hombres malos (Muda-sub);John Ford;1926
La trama;Alfred Hitchcock;1976
Ágora ;Alejandro Amenábar;2009
Corazón rebelde (Crazy Heart);Scott Cooper;2009
Easy Reader;Dennis Hopper;1969
Sherlock Jr. ;Buster Keaton;1924
Objetivo: Birmania;Raoul Walsh;1945
El secreto de sus ojos;Juan José Campanella;2009
Gertrud  [1964];Carl Theodor Dreyer;1964
Qué bello es vivir!  [1946];Frank Capra;1946
El increíble hombre menguante;Jack Arnold;1957
Batallón perdido (incompleta);Russell Mulcahy;2001
El Enigman;Jeannot Szwarc;1983
American Gangster  (H. Q.);Ridley Scott;2007
Infiltrados (H.Q.);Martin Scorsese;2006
Amarcord (Mis Recuerdos);Federico Fellini;1974
Johnny cogió su fusil;Dalton Trumbo;1971
F.B.I. contra el imperio del crimen;Mervyn LeRoy;1959
El indomable Will Hunting;Gus Van Sant;1997
Aquel maldito tren blindado;Enzo G. Castellari;1978
Batman (1966);Leslie H. Martinson;1966
Bill, qué grande eres;John Ford;1950
Tres hombres malos (INGLES);John Ford;1926
Los corceles de fuego;Sergei Parajanov (AKA Serguei Paradjanov) ;1964
Manos peligrosas;Samuel Fuller;1953
Río arriba (Up the river) INGLES;John Ford;1930
El Colegial;B. Keaton;1927
La ley del silencio;Elia Kazan;1954
La cinta blanca;Michael Haneke;2009
Castillos en la arena;Vincente Minnelli;1965
El Gran Flamarion;Anthony Mann;1945
Vida en sombras;Lorenzo Llobet-Gràcia;1948
Río Lobo;Howard Hawks;1970
Bonnie & Clyde;Arthur Penn;1967
El escritor (The Ghost Writer);Roman Polanski;2010
Yo anduve con un Zombie;Jacques Tourneur;1943
Tabú;F.W. Murnau;1931
El gabinete del doctor Caligari;Robert Wiene;1920
BLAST OF SILENCE;Allen Baron;1961
Duelo al sol (1946);King Vidor;1946
EL DORADO;Howard Hawks;1966
MADRE;Mikio Naruse;1952
EL SALARIO DEL MIEDO;H.G. Clouzot;1953
CARO DIARIO;Nanni Moretti;
MARTY;Delbert Mann;1955
RIO BRAVO;Howard Hawks;1959
AMANECER;F.W. Murnau;
EL SOL SIEMPRE BRILLA EN KENTUCKY;John Ford;1953
CORAZONES INDOMABLES;John Ford;1939
Huracán sobre la Isla;John Ford;1937
NO ERAN IMPRESCINDIBLES;John Ford;1945
DOCTOR BULL;John Ford;1933
SIETE MUJERES;John Ford;1966
PASAPORTE A LA FAMA;John Ford;1935
Pilgrimage;John Ford;1933
MAR DE FONDO;John Ford;
CLANDESTINO Y CABALLERO;Fritz Lang;1946
SOLO SE VIVE UNA VEZ;Fritz Lang;1937
EL MINISTERIO DEL MIEDO;Fritz Lang;1944
ESPÍRITU DE CONQUISTA;Fritz Lang;1941
EL TESTAMENTO DEL DR. MABUSE;Fritz Lang;1933
FURIA;Fritz Lang;1936
GARDENIA AZUL;Fritz Lang;1953
JORNADA DESESPERADA;Raoul Walsh;1942
EL ÚLTIMO REFUGIO;Raoul Walsh;1941
ESTHER Y EL REY;Raoul Walsh;1960
EL BESO DE LA MUERTE;Henry Hathaway;1947
MURIERON CON LAS BOTAS PUESTAS;Raoul Walsh;1941
LA VENGANZA DE FRANK JAMES;Fritz Lang;1940
LA PELIRROJA;Raoul Walsh;1941
LA REBELDÍA DE LA SRA. STOVER;Raoul Walsh;1956
AGUAS PANTANOSAS;Jean Renoir;1941
EL TESTAMENTO DEL DR. CORDELIER;Jean Renoir;1959
Boudu salvado de las aguas;Jean Renoir;1932
EL CRIMEN DEL SEÑOR LANGE;Jean Renoir;1936
EL SUREÑO;Jean Renoir;1945
AVE DEL PARAÍSO;King Vidor;1932
CAMARADA X;King Vidor;
CENIZAS DE AMOR;King Vidor;
BIG BROWN EYES;Raoul Walsh;1936
LA PASIÓN CIEGA;Raoul Walsh;1940
MI CHICA Y YO;Raoul Walsh;1932
SADIE THOMPSON;Raoul Walsh;1928
ELENA Y LOS HOMBRES;Jean Renoir;1956
FRENCH CANCAN;Jean Renoir;1955
EL ASESINO POETA;Douglas Sirk;
EL CAMPEÓN;King Vidor;
LOS BAJOS FONDOS;Jean Renoir;1936
LA NUIT DU CARREFOUR (LA NOCHE DE LA ENCRUCIJADA);Jean Renoir;1932
LA HABANERA;Douglas Sirk;
ORGULLO DE RAZA;Douglas Sirk;
LA MUJER EN LA LUNA;Fritz Lang;
PASIÓN BAJO LA NIEBLA;King Vidor;1949
ON PURGE BEBE (LA PURGA DEL BEBÉ);Jean Renoir;1931
ORGULLO DE RAZA;Douglas Sirk;
RAZA DE VIOLENCIA;Douglas Sirk;
SLEEP MY LOVE;Douglas Sirk;
STREET SCENE;King Vidor;
TEMPESTAD EN LA CUMBRE;Douglas Sirk;
SU JUEGO FAVORITO;Howard Hawks;
TOBACCO ROAD;John Ford;
STELLA DALLAS;King Vidor;
UNA ENCUESTA LLAMADA MILAGRO;;
TONI;Jean Renoir;1935
TOSCA;Jean Renoir;1941
UNA TROMPETA LEJANA;Raoul Walsh;1964
LA GOLONDRINA CAUTIVA;;
FILM DE FRITZ LANG;Fritz Lang;
A propósito de Schmidt;;
CUANDO MENOS TE LO ESPERAS;;
EJECUTIVO AGRESIVO;;
MEJOR IMPOSIBLE;;
EL CABALLERO OSCURO;Christopher Nolan;
FRENCH CONNECTION;William Friedkin;1971
EL SUBMARINO;Wolfgang Petersen;1981
EL AMERICANO;;
LA VIDA DE LOS OTROS H.Q.;;
MICHAEL CLAYTON;Tony Gilroy;2007
MEDIANOCHE EN EL JARDÍN DEL BIEN Y DEL MAL;Clint Eastwood;1997
TRAIDOR EN EL INFIERNO;Billy Wilder;1953
ÚNICO TESTIGO;Peter Weir;1985
HATARI - Parte 1,2,3 y 4 -;Howard Hawks;
HATARI - Parte 5,6,7 y 8 -;Howard Hawks;
LE LIT DE LA VIERGE;Philip Garrel;1969
UN VIAJE PERSONAL CON MARTIN SCORSESE A TRAVÉS DEL CINE AMERICANO;Martin Scorsese (En Inglés);1995
LA BRIGADA SUICIDA;Anthony Mann;1947
BAHÍA NEGRA;Anthony Mann;1953
COLORADO JIM;Anthony Mann;1953
MEN IN WAR (LA COLINA DE LOS DIABLOS DE ACERO);Anthony Mann;1957
DOS EN LA OSCURIDAD;Anthony Mann;1945
LA HORA DEL LOBO;Ingmar Bergman;1967
BARCO A LA DERIVA;John Ford;1935
BUENOS AMIGOS;John Ford;1920
EL DOCTOR ARROWSMITH;John Ford;1931
THE BATTLE OF MIDWAY (18min.);John Ford;1942
NUBES DISPERSAS;Mikio Naruse;1967
CIMARRÓN;Anthony Mann;1960
CUATRO PÁGINAS DE LA VIDA;Howard Hawks-Henry King;1952
A GEISHA;Kenji Mizoguchi;
MÚSICA Y LÁGRIMAS;Anthony Mann;1953
LOS CABALLEROS LAS PREFIEREN RUBIAS;Howard Hawks;1953
LADY MUSASHINO;Kenji Mizoguchi;1951
LOS IMPLACABLES;Raoul Walsh;1955
NACE UNA CANCIÓN;Howard Hawks;1948
GENTLEMAN JIM;Raoul Walsh;1942
RÍO DE PLATA;Raoul Walsh;1948
BLACK HAWK DERRIBADO;Ridley Scott;2001
LA NOCHE DE LOS GENERALES;Anatole Litvak;1966
BOBBY;Emilio Estevez;2006
NETWORK, UN MUNDO IMPACABLE;Sidney Lumet;1976
WATERLOO;Sergei Bondarchuk;1970
LA VÍA LÁCTEA;Leo McCarey;1936
TOP HAT (SOMBRERO DE COPA);Mark Sandrich;1935
EL COLOR PÚRPURA;Steven Spielberg;1995
AIR FORCE;Howard Hawks;1943
LA NOVIA ERA ÉL;Howard Hawks;1949
RÍO DE SANGRE;Howard Hawks;1952
RÍO ROJO;Howard Hawks;1948
MÁS ALLÁ DE LAS LÁGRIMAS;Raoul Walsh;1955
UNA MUJER BAJO LA INFLUENCIA (VOSE);John Cassavetes;1974
EL MUNDO EN SUS MANOS;Raoul Walsh;1952
LOS PUENTES DE MADISON;Clint Eastwood;1995
ROMA;Federico Fellini;1972
UN CRIMEN POR HORA;John Ford;1958
LEÓN, EL PROFESIONAL;Luc Besson;1994
CARAVANA DE PAZ;John Ford;1950
CUATRO HOMBRES Y UNA PLEGARIA;John Ford;1938
CUNA DE HEROES;John Ford;1955
EL JOVEN LINCOLN;John Ford;1939
MARIA ESTUARDO;John Ford;1936
TRES HOMBRES MALOS;John Ford;1926
CUATRO PAGINAS DE LA VIDA;Howard Hawks;1952
LA ESCUADRILLA DEL AMANECER (V.O.S.E.);Howard Hawks;1930
LA NOVIA ERA ÉL;Howard Hawks;1949
TIERRA DE FARAONES;Howard Hawks;1955
MI TÍO;JACQUES TATI;1958
DONNIE BRASCO          7,4;Mike Newell;1997
JUAN NADIE;Frank Capra;1941
LOS MISERABLES           6,9;Josée Dayan;2000
LA SEÑORA MINIVER      7,3;William Wyler;1942
EL REGRESO DE LA PANTERA ROSA;;
LA PANTERA ROSA;;
LA PANTERA ROSA ATACA DE NUEVO;;
LA VENGANZA DE LA PANTERA ROSA;;
TRAS LA PISTA DE LA PANTERA ROSA;;
EL MERCADER DE VENECIA   6.5;Michael Radford;2004
MACBETH       6.9;Roman Polanski;1971
ENRIQUE V          7.0;Kenneth Branagh;1989
HAMLET    7.3;Kenneth Branagh;1996
OTHELLO;Oliver Parker;1995
JULIO CESAR      7.8;Joseph L. Mankiewicz;1953
HAMLET, EL HONOR DE LA VENGANZA (GIBSON);Franco Zeffirelli;1990
UN PUENTE LEJANO;Richard Attenborough;1977
10 LA MUJER PERFECTA;Blake Edwards;1979
EL BAZAR DE LAS SORPRESAS;Ernst Lubitsch;1940
VIVE COMO QUIERAS;Frank Capra;1938
EL TERROR DE LAS CHICAS;Jerry Lewis;1961
LA COSTILLA DE ADAN;George Cukor;1949
EL JINETE PALIDO;Clint Eastwood;1985
RUTA SUICIDA;Clint Eastwood;1977
HARRY EL SUCIO;Don Siegel;1971
HARRY EL EJECUTOR;James Fargo;1976
HARRY EL FUERTE;Ted Post;1973
EL SOLTERON Y LA MENOR;Irving Reis;1947
CHARADA;Stanley Donen;1963
LA LISTA NEGRA;Buddy Van Horn;1988
EL SARGENTO DE HIERRO;Clint Eastwood;1986
EL BUENO, EL FEO Y EL MALO;Sergio Leone;1966
EL MOTIN DEL CAINE       7.2;Edward Dmytryk;1954
CALLEJON SIN SALIDA   7.4;John Cromwell;1947
EL HALCON MALTES     8.1;John Huston;1941
CASABLANCA     8.4;Michael Curtiz;1942
EL CUARTO PODER;Richard Brooks;1952
LA SENDA TENEBROSA            7.6;Delmer Daves;1947
EL SUEÑO ETERNO           8.3;Howard Hawks;1946
EL TESORO DE SIERRA MADRE          8.3;John Huston;1948
LA REINA DE AFRICA           8.0;John Huston;1951
EN UN LUGAR SOLITARIO   8.1;Nicholas Ray;1950
EL ÚLTIMO REFUGIO    8.0;Raoul Walsh;1941
SABRINA                7.5;Billy Wilder;1954
TENER Y NO TENER             8.1;Howard Hawks;1944
LA CONDESA DESCALZA          7.6;Joseph L. Mankiewicz;1954
SIN CONCIENCIA                 7.5;Raoul Walsh;1951
LA SENDA TENEBROSA            7.6;Delmer Daves;1947
COPYING BETHOWEEN;Agnieszka Holland;2006
CORAZONES DE HIERRO;Brian De Palma;1989
EL PRESTAMISTA;Sidney Lumet;1964
POLLOCK: La vida de un creador;Ed Harris;2000
Ciudad de Dios;Fernando Meirelles;2002
Four Rooms (1995) ;;1995
Luna nueva (1940) Director;Howard Hawks;
El jurado (Runaway Jury) (2003);;2003
BIG FISH ;Tim Burton;2003
NETWORK, UN MUNDO IMPACABLE;Sidney Lumet;1976
EL JURADO;;2003
AL FINAL DE LA ESCALERA;Peter Medak;1980
Alguien voló sobre el nido del cuco;Milos Forman;1975
ASESINATO EN 8 MM;Joel Schumacher;1999
Despertares (1990);;1990
ENAMORARSE   ;;1984
ALI G ANDA SUELTO;Mark Mylod;2002
El juego del halcón (1985) [Estados Unidos];;
Todo lo demás (2003);Woody Allen;2003
La tentación vive arriba  [1955];Billy Wilder;1955
EL HOMBRE ELEFANTE;David Lynch;
TRES HOMBRES MALOS;John Ford;
UP THE RIVER;John Ford;
El honor de los Prizzi (1985);John Huston;
HISTORIAS DE NUEVA YORK;Martin Scorsese;1989
MANOS PELIGROSAS;Samuel Fuller;
La Terminal (2004);Steven Spielberg;
Como Dios  [2003];Tom Shadyac;2003
AMERICAN HISTORY X;;
AUSTIN POWERS EN MIEMBRO DE ORO ;;
C.S.I. MIAMI  1ª T.;;
CALLE 54;;
CHICAGO;;
CORCELES DE FUEGO;;
CUANDO MENOS TE LO ESPERAS;;2003
DARKNESS;;
EL HIJO DE LA NOVIA    ;;2001
EL OTRO LADO DE LA CAMA;;
EL SR. IBRAHIM Y LAS FLORES DEL CORAN;;
EN TU CAMA O EN LA NUESTRA;;
GLADIATOR;;
HABLE CON ELLA;;
HORAS, LAS;;
IMPOSTORES, LOS;;
JOHN Q;;
LA BUSQUEDA  ;;2004
LA ULTIMA NOCHE;;
LA VENTANA DE ENFRENTE    ;;2003
LA ZONA MUERTA;;
LOS COLEGAS DEL BARRIO;;
LOS INCREIBLES;;
LOS LUNES AL SOL;;
MAR ADENTRO;;
MATRIX;;
MI VIDA SIN MI   ;;2002
MONSTRUOS S.A.;;
OBSESION;;
PRIVATE DE NOT DISTORBE;;
REBELIÓN EN EL FUERTE;;
SEGURIDAD NACIONAL   ;;2002
SHREK 2;;
SOLO PARA CLARINETE;;
SPIDER MAN 2;;
SPIDER-MAN;;
STUART LITTLE 2;;
The Ladykillers  ;;2004
THE MUMY;;
THE RING (LA SEÑAL);;
TORRENTE;;
TORRENTE 2;;
UN CADAVER A LOS POSTRES;;1976
UN DOS TRES;;
Y AHORA DAMAS Y CABALLEROS;;
YO ROBOT;;2004
Qué bello es vivir!  [1946];Frank Capra;1946
El jovencito Frankenstein (1974);Mel Brooks;1974
El sueño eterno;Howard Hawks;1946
CALLEJON SIN SALIDA;John Cromwell;1947
En un lugar solitario;Nicholas Ray;1950
El último refúgio;Raoul Walsh;1941
10 la mujer perfecta;;
Acción judicial;;
Acordes y desacuerdos;;
Amor en conserva;;
Bird;;
Blade runner;;
Bola de fuego;;
Cartas desde Iwo Jima;;
Casablanca;;
Cayo Largo;;
Celda 211;;
Charada;;
Descalzos por el parque;;
Desperate Hours;;
Deuda de Sangre;;
Días de radio;;
Distrito Apache, El Bronx;;
Donnie Brasco;;
Dublineses ;;
Ejecución inminente;;
El americano impasible;;
El baile de los malditos;;
El Bazar de las sorpresas;;
El Buen alemán;;
El buen pastor;;
El bueno, el feo y el malo;;
El Ceniciento;;
El circo  [1928];;
El conflicto de los Marx;;
El cuarto poder;;
El detective y la muerte;;
El halcón maltés;;
El Hotel de los líos;;
El jardinero fiel;;
El mercader de venecia;;
El motín del caine;;
El Padrino;;
El Padrino II;;
El Padrino III;;
El pisito;;
El principiante;;
El sargento de hierro;;
El Solterón y la menor;;
El terror de las chicas;;
El tesoro de Sierra Madre;;
En el nombre del padre;;
En la linea de fuego;;
Enrique V;;
Hamlet;;
Happiness;;
Harry el ejecutor;;
Harry el fuerte;;
Harry el sucio;;
Impacto súbito;;
Juan Nadie;;
Julio Cesar;;
L.A. Confidential;;
La condensa descalza;;
La costilla de Adán  [1949];;
La Hoguera de las vanidades;;
La jauria humana;;
La ley de la hospitalidad;;
La lista de Schindler;;
La lista negra;;
La locura del charleston;;
La reina de áfrica;;
La senda tenebrosa;;
La señora Miniver;;
La tapadera;;
La última noche de Boris Grushenko;;
La vida de los otros;;
Laberito envenenado;;
Legionarios de pega (El Gordo y el Flaco);;
Legítima defensa;;
Light Sleeper;;
Llamad a cualquier puerta;;
Los Abandonados;;
Los cuatro cocos;;
Los hernanos Marx en el Oeste;;
Macbeth;;
Malcolm X;;
Marathon man;;
Maridos y mujeres;;
Mr. Jones;;
Nacido el cuatro de julio;;
Odesa;;
Othello;;
Plumas de caballo;;
Poder Absoluto;;
Poderosa Afrodita;;
Que te calles;;
Recuerdos;;
Ruta suicida;;
Sabrina;;
September;;
Siempre a tu lado;;
Sin conciencia;;
Sin perdón;;
Sopa de Ganso;;
Statuesque;;
Sueños de un seductor;;
Tarde de perros;;
Tener o no tener;;
The visitor;;
Toro salvaje;;
Un día en las carreras;;
Un mundo perfecto;;
Un optimista de vacaciones;;
Un puente lejano;;
Una noche en Casablanca;;
Una Tarde en el circo;;
Veredicto final;;
Vete de mi;;
Vive como quieras;;
Zelig;;
AUGUST;Anthony Hopkins;1995
Sopa de ganso  [1933];Leo McCarey;1933
En el punto de mira (2008);;2008
JANE EYRE;;1996
COMPAÑEROS DE JUERGA - LAUREL Y HARDY;;
CUATIVOS;;
EL INTRUSO;;
HECHIZO EN LA RUTA MAYA;;
LA BATALLA DEL RIO NERETVA;;
MATAR A UN RUISEÑOR;;
MEJOR IMPOSIBLE;;
MEMORIA Y DESEO;;
SALIR DEL ARMARIO;;
TRAFFIC;;
U-571;;
THE DINNER;;2005
Generation Kill (TV);David Simon;2008
Yo, Claudio (TV);Herbert Wise;1976
Los Soprano (Serie de TV);David Chase;1999
Los Soprano (Serie de TV);Allen Coulter;1999
EL VIDEO DE PEDRO J.;;CD
OPEN CASE;;DVD
PRESUNTOS IMPLICADOS;;CD
THE DINNER / FEB 2005;;DVD
VIDEOS X;;CD
AMELIE;Jean-Pierre Jeunet;2001
ALGO PASA CON MARY;Bobby Farrelly;1998
Falsas apariencias (1999) ;;1999
APACHE;Robert Aldrich;1954
UN PUENTE LEJANO;;1977
1492 CONQUISTA DEL PARAISO;Ridley Scott;1992
12 HOMBRES SIN PIEDAD;Sidney Lumet;1957
¿Qué ocurrió entre mi padre y tu madre?  [1972];Billy Wilder;1972
Basic;John McTiernan;2003
BAILANDO CON LOBOS;Kevin Costner;1990
Trece días (13 días) (2000) ;;1994
El secreto de los hermanos Grimm (2005);;2005
NEW YORK, NEW YORK;Martin Scorsese;
Heat (1995);Michael Mann;1995
La noche del cazador;Charles Laughton;
Con faldas y a lo loco  [1959];Billy Wilder;1959
El apartamento  [1960];Billy Wilder;1960
Irma la Dulce  [1963];Billy Wilder;1963
Testigo de cargo  [1957];Billy Wilder;1957
Million Dollar Baby  [2004];Clint Eastwood;2004
Un gángster para un milagro  [1961];Frank Capra;1961
El honor de los Prizzi (1985);John Huston;1985
Wall Street  [1987];Oliver Stone;1987
El pianista  [2002];Roman Polanski;2002
Cumbres borrascosas (1939);William Wyler;1939
Los mejores años de nuestra vida  [1946];William Wyler;1946
BRAVEHEART;;
CARROS DE FUEGO;;
CHITTY CHITTY BANG BANG;;
CYRANO;;
DIARIO DE UN EJECUTIVO AGRESIVO;;
DIARIO DE UNA NIÑERA;;
DIARIOS DE MOTOCICLETA;;
EL ALAMO;;
EL AVIADOR;;
EL BANQUETE DE BODA;;
EL CASO WELLS;;
EL CIELO PROTECTOR;;
EL CORCEL NEGRO;;
EL DR. T Y LAS MUJERES;;
EL HUNDIMIENTO;;
EL MENSAJERO DEL MIEDO (1962);;
EL NOVIO DE MI MADRE;;
EL PUENTE DE REMAGEN;;
EL SECRETO DE VERA DRAKE;;
EL ULTIO EMPERADOR;;
EL VIOLINISTA EN EL TEJADO;;
EN EL VALLE DE ELHA;;
EN LA CUERDA FLOJA;;
EVELIN;;
FAMILY MAN;;
INDOCHINA;;
LA GRAN EVASIÓN;;
LA JOVEN DE LA PERLA;;
LA PANTERA ROSA;;
LA ULTIMA LEGION;;
LA VENGANZA DE UN HOMBRE LLAMADO CABALLO;;
LEJOS DEL CIELO;;
LOS NIÑOS DE HUANG SHI;;
LOS SIETE MAGINIFICOS;;
MICHAEL CLAYTON;;
MONSTER`S BALL;;
MR. MAGORIUM Y SU TIENDA MAGICA;;
MRS. HERNDERSON PRESENTA;;
PLANETA TIERRA;;
PREMONITION 7 dias;;
SANGRE Y ARENA;;
SAW;;
THE ABYSS;;
THE DOOR IN THE FLOOR;;
THE QUEEN;;
TIERRA ;;
TIERRAS DE PENUMBRA;;
TOMA EL DINERO Y CORRE;;
TRAFICC;;
UN BOTIN DE 500,000 DOLARES;;
UN DIA INOLVIDABLE;;
UN FUNERAL DE MUERTE;;
UN PLAN BRILLANTE;;
UNA HABITACION CON VISTAS;;
UNA VIDA POR DELANTE;;
WEST SIDE STORY;;
Mary and Max;(Adam Elliot) Animation;
El sueño de Valentín;(Alejandro Agresti) Carmen Maura, Rodrigo Noya;
Desayuno con diamantes;(Blake Edwards);
El chico;(Charles Chaplin) Charles Chaplin, Jackie Coogan;
Tiempos modernos;(Charles Chaplin) Charles Chaplin, Jackie Coogan;
Luces de la ciudad;(Charles Chaplin) Charles Chaplin, Virginia Cherill;1955
Los chicos del coro;(Christophe Barratier) Gérard Jugnot, François Berléand;
Trainspotting;(Danny Boyle) Ewan McGregor, Robert Carlyle;
Yi Yi;(Edward Yang) Nianzhen Wu, Elaine Jin;
Underground;(Emir Kusturica) Miki Manojlovic, Lazar Ristovski;
Pauline en la playa;(Éric Rohmer) Amanda Langlet, Arielle Dombasle;
El viaje a ninguna parte;(Fernando Fernán-Gómez) Fernando Fernán-Gómez, José Sacristán;
Qué bello es vivir;(Frank Capra) James Stewart, Donna Reed;
Damas del teatro;(Gregory La Cava) Katharine Hepburn, Ginger Rogers;
Pequeñas mentiras sin importancia;(Guillaume Canet) Marion Cotillard, Jean Dujardin;
Bienvenido Mr. Chance;(Hal Ashby) Peter Sellers, Shirley MacLaine;
Trust;(Hal Hartley) Martin Donovan, Adrienne Shelly;
Kolya;(Jan Sverák) Zdenek Sverák, Andrej Chalimon;
La gran ilusión;(Jean Renoir) Jean Gabin, Erich von Stroheim;
Amélie (Amelie);(Jean-Pierre Jeunet) Audrey Tautou, Mathieu Kassovitz;
Skhizein;(Jérémy Clapin) Animation;
Pequeña Miss Sunshine;(Jonathan Dayton, Valerie Faris) Steve Carell, Toni Collette;
Tres colores: blanco;(Krzysztof Kieslowski) Zbigniew Zamachowski, Julie Delpy;
Todos a casa;(Luigi Comencini) Alberto Sordi, Eduardo De Filippo;
El infierno;(Luis Estrada;
Zorba el griego;(Mihalis Kakogiannis (AKA Michael Cacoyannis)) Anthony Quinn, Alan Bates;
El tren de la vida;(Radu Mihaileanu) Lionel Abelanski, Rufus;
La vida es bella;(Roberto Benigni) Roberto Benigni, Nicoletta Braschi;
Beautiful Girls;(Ted Demme) Timothy Hutton, Uma Thurman;
Wonderfalls (Serie de TV);(Todd Holland (Creator), Bryan Fuller (Creator)) Caroline Dhavernas, Kate Finneran;
Barbarroja;Akira Kurosawa;1965
Los siete samuráis;Akira Kurosawa;1954
La ley del Hampa;Budd Boetticher;1960
Ordet (La palabra);Carl Theodor Dreyer;1955
Origen (Inception);Christopher Nolan;2010
Napoleón (1955);Erich von-Stroheim;
The Wire (Bajo escucha) (Serie de TV);Ernest R. Dickerson;2002
Amanecer;F.W. Murnau;1927
El testamento del dr. Mabuse;Fritz Lang;1933
La historia del crimen (Serie de TV);Gustave Reininger;1986
Las diabólicas;Henri Georges Clouzot;1955
La evasión;Jacques Becker;1960
Rififi;Jules Dassin;1955
Los cien pasos (I cento passi);Marco Tullio Giordana;2000
Boardwalk Empire (Serie de TV);Martin Scorsese;2010
Harakiri (Seppuku);Masaki Kobayashi;1962
Ángeles con caras sucias;Michael Curtiz;1938
Camino a la perdición;Sam Mendes;2002
Roma Criminal (Serie de TV);Stefano Sollima;2008
El ultimátum de Bourne (2007) ;;
Frankie & Johnny (1991) [Estados Unidos];;
